{"cameraMode":{"drawMode":0,"name":"Shaded","section":"Shading Mode"},"sceneLighting":false,"audioPlay":false,"sceneViewState":{"m_AlwaysRefresh":false,"showFog":true,"showSkybox":false,"showFlares":true,"showImageEffects":true,"showParticleSystems":true,"showVisualEffectGraphs":true,"m_FxEnabled":true},"in2DMode":false,"pivot":{"x":-0.4423368573188782,"y":1.9543474912643433,"z":6.8656229972839359},"rotation":{"x":0.09943415224552155,"y":-0.888662576675415,"z":0.22902846336364747,"w":0.38500791788101199},"size":1.615979790687561,"orthographic":false}