{"cameraMode":{"drawMode":0,"name":"Shaded","section":"Shading Mode"},"sceneLighting":true,"audioPlay":false,"sceneViewState":{"m_AlwaysRefresh":false,"showFog":true,"showSkybox":true,"showFlares":true,"showImageEffects":true,"showParticleSystems":true,"showVisualEffectGraphs":true,"m_FxEnabled":true},"in2DMode":false,"pivot":{"x":-3.6709365844726564,"y":21.141925811767579,"z":41.343658447265628},"rotation":{"x":-0.036308638751506808,"y":-0.007168322801589966,"z":0.000470261147711426,"w":-0.9994538426399231},"size":23.156381607055665,"orthographic":false}