{"cameraMode":{"drawMode":0,"name":"Shaded","section":"Shading Mode"},"sceneLighting":true,"audioPlay":false,"sceneViewState":{"m_AlwaysRefresh":false,"showFog":true,"showSkybox":true,"showFlares":true,"showImageEffects":true,"showParticleSystems":true,"showVisualEffectGraphs":true,"m_FxEnabled":true},"in2DMode":false,"pivot":{"x":0.3922297954559326,"y":-0.3198385238647461,"z":-17.606483459472658},"rotation":{"x":0.005732387769967318,"y":0.9928331971168518,"z":-0.05399066582322121,"w":0.10767053067684174},"size":8.286043167114258,"orthographic":false}